,id,about,title,estado,estadoEstacion,address,tipoEquipamiento,bicisDisponibles,anclajesDisponibles,lastUpdated,description,descripcion,icon,geometry.type,geometry.coordinates
0,68,http://www.zaragoza.es/ciudad/viapublica/movilidad/bici/detalle_Bizi?oid=68,38-Roger Tur,IN_SERVICE,http://vocab.linkeddata.es/datosabiertos/kos/transporte/bicicleta-publica/tipo-estado-estacion/no-operativa,38-Roger Tur,http://vocab.linkeddata.es/datosabiertos/kos/urbanismo-infraestructuras/equipamiento/tipo-equipamiento/estacion-de-bicicletas,12,7,2026-08-05T15:25:03,<ul><li>Estado: Operativa</li><li>Bicis disponibles: 12</li><li>Anclajes disponibles: 7</li></ul><p>Actualizado: 15:25</p>,Datos de la estación bizi 38-Roger Tur,//www.zaragoza.es/contenidos/iconos/bizi/conbicis.png,Point,"[-0.8722964532129502, 41.64710270848823]"
1,67,http://www.zaragoza.es/ciudad/viapublica/movilidad/bici/detalle_Bizi?oid=67,37-Ballesteros,IN_SERVICE,http://vocab.linkeddata.es/datosabiertos/kos/transporte/bicicleta-publica/tipo-estado-estacion/no-operativa,37-Ballesteros,http://vocab.linkeddata.es/datosabiertos/kos/urbanismo-infraestructuras/equipamiento/tipo-equipamiento/estacion-de-bicicletas,4,14,2026-08-05T15:25:03,<ul><li>Estado: Operativa</li><li>Bicis disponibles: 4</li><li>Anclajes disponibles: 14</li></ul><p>Actualizado: 15:25</p>,Datos de la estación bizi 37-Ballesteros,//www.zaragoza.es/contenidos/iconos/bizi/conbicis.png,Point,"[-0.8685995035282641, 41.644992649784356]"
2,66,http://www.zaragoza.es/ciudad/viapublica/movilidad/bici/detalle_Bizi?oid=66,36-Silvestre Pérez,IN_SERVICE,http://vocab.linkeddata.es/datosabiertos/kos/transporte/bicicleta-publica/tipo-estado-estacion/no-operativa,36-Silvestre Pérez,http://vocab.linkeddata.es/datosabiertos/kos/urbanismo-infraestructuras/equipamiento/tipo-equipamiento/estacion-de-bicicletas,3,16,2026-08-05T15:25:03,<ul><li>Estado: Operativa</li><li>Bicis disponibles: 3</li><li>Anclajes disponibles: 16</li></ul><p>Actualizado: 15:25</p>,Datos de la estación bizi 36-Silvestre Pérez,//www.zaragoza.es/contenidos/iconos/bizi/conbicis.png,Point,"[-0.8668794136926827, 41.648448612434365]"
3,65,http://www.zaragoza.es/ciudad/viapublica/movilidad/bici/detalle_Bizi?oid=65,27-CP Joaquín Costa,IN_SERVICE,http://vocab.linkeddata.es/datosabiertos/kos/transporte/bicicleta-publica/tipo-estado-estacion/no-operativa,27-CP Joaquín Costa,http://vocab.linkeddata.es/datosabiertos/kos/urbanismo-infraestructuras/equipamiento/tipo-equipamiento/estacion-de-bicicletas,3,20,2026-08-05T15:25:03,<ul><li>Estado: Operativa</li><li>Bicis disponibles: 3</li><li>Anclajes disponibles: 20</li></ul><p>Actualizado: 15:25</p>,Datos de la estación bizi 27-CP Joaquín Costa,//www.zaragoza.es/contenidos/iconos/bizi/conbicis.png,Point,"[-0.8914783475756557, 41.651939027032014]"
4,64,http://www.zaragoza.es/ciudad/viapublica/movilidad/bici/detalle_Bizi?oid=64,26-Pta. del Carmen,IN_SERVICE,http://vocab.linkeddata.es/datosabiertos/kos/transporte/bicicleta-publica/tipo-estado-estacion/no-operativa,26-Pta. del Carmen,http://vocab.linkeddata.es/datosabiertos/kos/urbanismo-infraestructuras/equipamiento/tipo-equipamiento/estacion-de-bicicletas,1,22,2026-08-05T15:25:03,<ul><li>Estado: Operativa</li><li>Bicis disponibles: 1</li><li>Anclajes disponibles: 22</li></ul><p>Actualizado: 15:25</p>,Datos de la estación bizi 26-Pta. del Carmen,//www.zaragoza.es/contenidos/iconos/bizi/conbicis.png,Point,"[-0.8871484005813419, 41.64971295765655]"
5,63,http://www.zaragoza.es/ciudad/viapublica/movilidad/bici/detalle_Bizi?oid=63,25-Plaza Los Sitios,IN_SERVICE,http://vocab.linkeddata.es/datosabiertos/kos/transporte/bicicleta-publica/tipo-estado-estacion/no-operativa,25-Plaza Los Sitios,http://vocab.linkeddata.es/datosabiertos/kos/urbanismo-infraestructuras/equipamiento/tipo-equipamiento/estacion-de-bicicletas,1,22,2026-08-05T15:25:03,<ul><li>Estado: Operativa</li><li>Bicis disponibles: 1</li><li>Anclajes disponibles: 22</li></ul><p>Actualizado: 15:25</p>,Datos de la estación bizi 25-Plaza Los Sitios,//www.zaragoza.es/contenidos/iconos/bizi/conbicis.png,Point,"[-0.8800174269410725, 41.648418838099005]"
6,62,http://www.zaragoza.es/ciudad/viapublica/movilidad/bici/detalle_Bizi?oid=62,24-S. Pedro Nolasco,IN_SERVICE,http://vocab.linkeddata.es/datosabiertos/kos/transporte/bicicleta-publica/tipo-estado-estacion/no-operativa,24-S. Pedro Nolasco,http://vocab.linkeddata.es/datosabiertos/kos/urbanismo-infraestructuras/equipamiento/tipo-equipamiento/estacion-de-bicicletas,0,23,2026-08-05T15:25:03,<ul><li>Estado: Operativa</li><li>Bicis disponibles: 0</li><li>Anclajes disponibles: 23</li></ul><p>Actualizado: 15:25</p>,Datos de la estación bizi 24-S. Pedro Nolasco,//www.zaragoza.es/contenidos/iconos/bizi/sinbicis.png,Point,"[-0.8772533160638994, 41.65265078107801]"
7,61,http://www.zaragoza.es/ciudad/viapublica/movilidad/bici/detalle_Bizi?oid=61,21-Aranda: C. Augusto,IN_SERVICE,http://vocab.linkeddata.es/datosabiertos/kos/transporte/bicicleta-publica/tipo-estado-estacion/no-operativa,21-Aranda: C. Augusto,http://vocab.linkeddata.es/datosabiertos/kos/urbanismo-infraestructuras/equipamiento/tipo-equipamiento/estacion-de-bicicletas,6,15,2026-08-05T15:25:03,<ul><li>Estado: Operativa</li><li>Bicis disponibles: 6</li><li>Anclajes disponibles: 15</li></ul><p>Actualizado: 15:25</p>,Datos de la estación bizi 21-Aranda: C. Augusto,//www.zaragoza.es/contenidos/iconos/bizi/conbicis.png,Point,"[-0.8842182798493511, 41.65431689695918]"
8,60,http://www.zaragoza.es/ciudad/viapublica/movilidad/bici/detalle_Bizi?oid=60,19-Asalto. Servet,IN_SERVICE,http://vocab.linkeddata.es/datosabiertos/kos/transporte/bicicleta-publica/tipo-estado-estacion/no-operativa,19-Asalto. Servet,http://vocab.linkeddata.es/datosabiertos/kos/urbanismo-infraestructuras/equipamiento/tipo-equipamiento/estacion-de-bicicletas,2,18,2026-08-05T15:25:03,<ul><li>Estado: Operativa</li><li>Bicis disponibles: 2</li><li>Anclajes disponibles: 18</li></ul><p>Actualizado: 15:25</p>,Datos de la estación bizi 19-Asalto. Servet,//www.zaragoza.es/contenidos/iconos/bizi/conbicis.png,Point,"[-0.8756604081942, 41.64898976199011]"
9,59,http://www.zaragoza.es/ciudad/viapublica/movilidad/bici/detalle_Bizi?oid=59,17-Constitución: Pza. Aragón,IN_SERVICE,http://vocab.linkeddata.es/datosabiertos/kos/transporte/bicicleta-publica/tipo-estado-estacion/no-operativa,17-Constitución: Pza. Aragón,http://vocab.linkeddata.es/datosabiertos/kos/urbanismo-infraestructuras/equipamiento/tipo-equipamiento/estacion-de-bicicletas,1,25,2026-08-05T15:25:03,<ul><li>Estado: Operativa</li><li>Bicis disponibles: 1</li><li>Anclajes disponibles: 25</li></ul><p>Actualizado: 15:25</p>,Datos de la estación bizi 17-Constitución: Pza. Aragón,//www.zaragoza.es/contenidos/iconos/bizi/conbicis.png,Point,"[-0.8840404465575993, 41.64780290857268]"
10,58,http://www.zaragoza.es/ciudad/viapublica/movilidad/bici/detalle_Bizi?oid=58,16-Pza. España,IN_SERVICE,http://vocab.linkeddata.es/datosabiertos/kos/transporte/bicicleta-publica/tipo-estado-estacion/no-operativa,16-Pza. España,http://vocab.linkeddata.es/datosabiertos/kos/urbanismo-infraestructuras/equipamiento/tipo-equipamiento/estacion-de-bicicletas,6,22,2026-08-05T15:25:03,<ul><li>Estado: Operativa</li><li>Bicis disponibles: 6</li><li>Anclajes disponibles: 22</li></ul><p>Actualizado: 15:25</p>,Datos de la estación bizi 16-Pza. España,//www.zaragoza.es/contenidos/iconos/bizi/conbicis.png,Point,"[-0.8804523370544772, 41.65194683761464]"
11,57,http://www.zaragoza.es/ciudad/viapublica/movilidad/bici/detalle_Bizi?oid=57,125-Parq. Delicias: Univérsitas,IN_SERVICE,http://vocab.linkeddata.es/datosabiertos/kos/transporte/bicicleta-publica/tipo-estado-estacion/no-operativa,125-Parq. Delicias: Univérsitas,http://vocab.linkeddata.es/datosabiertos/kos/urbanismo-infraestructuras/equipamiento/tipo-equipamiento/estacion-de-bicicletas,11,5,2026-08-05T15:25:03,<ul><li>Estado: Operativa</li><li>Bicis disponibles: 11</li><li>Anclajes disponibles: 5</li></ul><p>Actualizado: 15:25</p>,Datos de la estación bizi 125-Parq. Delicias: Univérsitas,//www.zaragoza.es/contenidos/iconos/bizi/conbicis.png,Point,"[-0.9092214400560296, 41.64902433380919]"
12,56,http://www.zaragoza.es/ciudad/viapublica/movilidad/bici/detalle_Bizi?oid=56,119-Sainz Varanda: J. Carlos I,IN_SERVICE,http://vocab.linkeddata.es/datosabiertos/kos/transporte/bicicleta-publica/tipo-estado-estacion/no-operativa,119-Sainz Varanda: J. Carlos I,http://vocab.linkeddata.es/datosabiertos/kos/urbanismo-infraestructuras/equipamiento/tipo-equipamiento/estacion-de-bicicletas,16,2,2026-08-05T15:25:03,<ul><li>Estado: Operativa</li><li>Bicis disponibles: 16</li><li>Anclajes disponibles: 2</li></ul><p>Actualizado: 15:25</p>,Datos de la estación bizi 119-Sainz Varanda: J. Carlos I,//www.zaragoza.es/contenidos/iconos/bizi/conbicis.png,Point,"[-0.9080668043608191, 41.63870153899315]"
13,55,http://www.zaragoza.es/ciudad/viapublica/movilidad/bici/detalle_Bizi?oid=55,102-Teatro Romano,IN_SERVICE,http://vocab.linkeddata.es/datosabiertos/kos/transporte/bicicleta-publica/tipo-estado-estacion/no-operativa,102-Teatro Romano,http://vocab.linkeddata.es/datosabiertos/kos/urbanismo-infraestructuras/equipamiento/tipo-equipamiento/estacion-de-bicicletas,0,22,2026-08-05T15:25:03,<ul><li>Estado: Operativa</li><li>Bicis disponibles: 0</li><li>Anclajes disponibles: 22</li></ul><p>Actualizado: 15:25</p>,Datos de la estación bizi 102-Teatro Romano,//www.zaragoza.es/contenidos/iconos/bizi/sinbicis.png,Point,"[-0.8778203525590965, 41.6512447939932]"
14,54,http://www.zaragoza.es/ciudad/viapublica/movilidad/bici/detalle_Bizi?oid=54,51-Plaza Roma,IN_SERVICE,http://vocab.linkeddata.es/datosabiertos/kos/transporte/bicicleta-publica/tipo-estado-estacion/no-operativa,51-Plaza Roma,http://vocab.linkeddata.es/datosabiertos/kos/urbanismo-infraestructuras/equipamiento/tipo-equipamiento/estacion-de-bicicletas,10,9,2026-08-05T15:25:03,<ul><li>Estado: Operativa</li><li>Bicis disponibles: 10</li><li>Anclajes disponibles: 9</li></ul><p>Actualizado: 15:25</p>,Datos de la estación bizi 51-Plaza Roma,//www.zaragoza.es/contenidos/iconos/bizi/conbicis.png,Point,"[-0.8986334095588265, 41.649789154764925]"
15,53,http://www.zaragoza.es/ciudad/viapublica/movilidad/bici/detalle_Bizi?oid=53,129-Graus: Unceta,IN_SERVICE,http://vocab.linkeddata.es/datosabiertos/kos/transporte/bicicleta-publica/tipo-estado-estacion/no-operativa,129-Graus: Unceta,http://vocab.linkeddata.es/datosabiertos/kos/urbanismo-infraestructuras/equipamiento/tipo-equipamiento/estacion-de-bicicletas,7,12,2026-08-05T15:25:03,<ul><li>Estado: Operativa</li><li>Bicis disponibles: 7</li><li>Anclajes disponibles: 12</li></ul><p>Actualizado: 15:25</p>,Datos de la estación bizi 129-Graus: Unceta,//www.zaragoza.es/contenidos/iconos/bizi/conbicis.png,Point,"[-0.9023083402969022, 41.652618211573476]"
16,50,http://www.zaragoza.es/ciudad/viapublica/movilidad/bici/detalle_Bizi?oid=50,15-Portillo,IN_SERVICE,http://vocab.linkeddata.es/datosabiertos/kos/transporte/bicicleta-publica/tipo-estado-estacion/no-operativa,15-Portillo,http://vocab.linkeddata.es/datosabiertos/kos/urbanismo-infraestructuras/equipamiento/tipo-equipamiento/estacion-de-bicicletas,3,15,2026-08-05T15:25:03,<ul><li>Estado: Operativa</li><li>Bicis disponibles: 3</li><li>Anclajes disponibles: 15</li></ul><p>Actualizado: 15:25</p>,Datos de la estación bizi 15-Portillo,//www.zaragoza.es/contenidos/iconos/bizi/conbicis.png,Point,"[-0.8978732373705646, 41.65294894654275]"
17,51,http://www.zaragoza.es/ciudad/viapublica/movilidad/bici/detalle_Bizi?oid=51,54-Calanda: Madrid,IN_SERVICE,http://vocab.linkeddata.es/datosabiertos/kos/transporte/bicicleta-publica/tipo-estado-estacion/no-operativa,54-Calanda: Madrid,http://vocab.linkeddata.es/datosabiertos/kos/urbanismo-infraestructuras/equipamiento/tipo-equipamiento/estacion-de-bicicletas,6,14,2026-08-05T15:25:03,<ul><li>Estado: Operativa</li><li>Bicis disponibles: 6</li><li>Anclajes disponibles: 14</li></ul><p>Actualizado: 15:25</p>,Datos de la estación bizi 54-Calanda: Madrid,//www.zaragoza.es/contenidos/iconos/bizi/conbicis.png,Point,"[-0.9045993164281152, 41.65362924867809]"
18,52,http://www.zaragoza.es/ciudad/viapublica/movilidad/bici/detalle_Bizi?oid=52,126-Sanz Ibáñez: Rioja,IN_SERVICE,http://vocab.linkeddata.es/datosabiertos/kos/transporte/bicicleta-publica/tipo-estado-estacion/no-operativa,126-Sanz Ibáñez: Rioja,http://vocab.linkeddata.es/datosabiertos/kos/urbanismo-infraestructuras/equipamiento/tipo-equipamiento/estacion-de-bicicletas,13,6,2026-08-05T15:25:03,<ul><li>Estado: Operativa</li><li>Bicis disponibles: 13</li><li>Anclajes disponibles: 6</li></ul><p>Actualizado: 15:25</p>,Datos de la estación bizi 126-Sanz Ibáñez: Rioja,//www.zaragoza.es/contenidos/iconos/bizi/conbicis.png,Point,"[-0.9108673459401692, 41.65275735077624]"
19,48,http://www.zaragoza.es/ciudad/viapublica/movilidad/bici/detalle_Bizi?oid=48,47-S. Francisco: Universidad,IN_SERVICE,http://vocab.linkeddata.es/datosabiertos/kos/transporte/bicicleta-publica/tipo-estado-estacion/no-operativa,47-S. Francisco: Universidad,http://vocab.linkeddata.es/datosabiertos/kos/urbanismo-infraestructuras/equipamiento/tipo-equipamiento/estacion-de-bicicletas,8,14,2026-08-05T15:25:03,<ul><li>Estado: Operativa</li><li>Bicis disponibles: 8</li><li>Anclajes disponibles: 14</li></ul><p>Actualizado: 15:25</p>,Datos de la estación bizi 47-S. Francisco: Universidad,//www.zaragoza.es/contenidos/iconos/bizi/conbicis.png,Point,"[-0.8960829160066465, 41.6416552291297]"
20,49,http://www.zaragoza.es/ciudad/viapublica/movilidad/bici/detalle_Bizi?oid=49,61-Peña Oroel,IN_SERVICE,http://vocab.linkeddata.es/datosabiertos/kos/transporte/bicicleta-publica/tipo-estado-estacion/no-operativa,61-Peña Oroel,http://vocab.linkeddata.es/datosabiertos/kos/urbanismo-infraestructuras/equipamiento/tipo-equipamiento/estacion-de-bicicletas,9,10,2026-08-05T15:25:03,<ul><li>Estado: Operativa</li><li>Bicis disponibles: 9</li><li>Anclajes disponibles: 10</li></ul><p>Actualizado: 15:25</p>,Datos de la estación bizi 61-Peña Oroel,//www.zaragoza.es/contenidos/iconos/bizi/conbicis.png,Point,"[-0.8735580302111329, 41.66369769253894]"
21,47,http://www.zaragoza.es/ciudad/viapublica/movilidad/bici/detalle_Bizi?oid=47,42-Fleta. Uncastillo,IN_SERVICE,http://vocab.linkeddata.es/datosabiertos/kos/transporte/bicicleta-publica/tipo-estado-estacion/no-operativa,42-Fleta. Uncastillo,http://vocab.linkeddata.es/datosabiertos/kos/urbanismo-infraestructuras/equipamiento/tipo-equipamiento/estacion-de-bicicletas,20,2,2026-08-05T15:25:03,<ul><li>Estado: Operativa</li><li>Bicis disponibles: 20</li><li>Anclajes disponibles: 2</li></ul><p>Actualizado: 15:25</p>,Datos de la estación bizi 42-Fleta. Uncastillo,//www.zaragoza.es/contenidos/iconos/bizi/conbicis.png,Point,"[-0.881091649484269, 41.639762875997]"
22,45,http://www.zaragoza.es/ciudad/viapublica/movilidad/bici/detalle_Bizi?oid=45,118-J. Carlos I: Aragonia,IN_SERVICE,http://vocab.linkeddata.es/datosabiertos/kos/transporte/bicicleta-publica/tipo-estado-estacion/no-operativa,118-J. Carlos I: Aragonia,http://vocab.linkeddata.es/datosabiertos/kos/urbanismo-infraestructuras/equipamiento/tipo-equipamiento/estacion-de-bicicletas,0,19,2026-08-05T15:25:03,<ul><li>Estado: Operativa</li><li>Bicis disponibles: 0</li><li>Anclajes disponibles: 19</li></ul><p>Actualizado: 15:25</p>,Datos de la estación bizi 118-J. Carlos I: Aragonia,//www.zaragoza.es/contenidos/iconos/bizi/sinbicis.png,Point,"[-0.9091446389205505, 41.64129664969088]"
23,46,http://www.zaragoza.es/ciudad/viapublica/movilidad/bici/detalle_Bizi?oid=46,29-Palacio Aljafería,IN_SERVICE,http://vocab.linkeddata.es/datosabiertos/kos/transporte/bicicleta-publica/tipo-estado-estacion/no-operativa,29-Palacio Aljafería,http://vocab.linkeddata.es/datosabiertos/kos/urbanismo-infraestructuras/equipamiento/tipo-equipamiento/estacion-de-bicicletas,10,8,2026-08-05T15:25:03,<ul><li>Estado: Operativa</li><li>Bicis disponibles: 10</li><li>Anclajes disponibles: 8</li></ul><p>Actualizado: 15:25</p>,Datos de la estación bizi 29-Palacio Aljafería,//www.zaragoza.es/contenidos/iconos/bizi/conbicis.png,Point,"[-0.8967222561741014, 41.655688108710294]"
24,43,http://www.zaragoza.es/ciudad/viapublica/movilidad/bici/detalle_Bizi?oid=43,41-Pza. Schweitzer,IN_SERVICE,http://vocab.linkeddata.es/datosabiertos/kos/transporte/bicicleta-publica/tipo-estado-estacion/no-operativa,41-Pza. Schweitzer,http://vocab.linkeddata.es/datosabiertos/kos/urbanismo-infraestructuras/equipamiento/tipo-equipamiento/estacion-de-bicicletas,4,17,2026-08-05T15:25:03,<ul><li>Estado: Operativa</li><li>Bicis disponibles: 4</li><li>Anclajes disponibles: 17</li></ul><p>Actualizado: 15:25</p>,Datos de la estación bizi 41-Pza. Schweitzer,//www.zaragoza.es/contenidos/iconos/bizi/conbicis.png,Point,"[-0.8822675826608747, 41.6424198902232]"
25,44,http://www.zaragoza.es/ciudad/viapublica/movilidad/bici/detalle_Bizi?oid=44,104-Madre Rafols: DGA,IN_SERVICE,http://vocab.linkeddata.es/datosabiertos/kos/transporte/bicicleta-publica/tipo-estado-estacion/no-operativa,104-Madre Rafols: DGA,http://vocab.linkeddata.es/datosabiertos/kos/urbanismo-infraestructuras/equipamiento/tipo-equipamiento/estacion-de-bicicletas,14,5,2026-08-05T15:25:03,<ul><li>Estado: Operativa</li><li>Bicis disponibles: 14</li><li>Anclajes disponibles: 5</li></ul><p>Actualizado: 15:25</p>,Datos de la estación bizi 104-Madre Rafols: DGA,//www.zaragoza.es/contenidos/iconos/bizi/conbicis.png,Point,"[-0.8895083028136774, 41.65361198942761]"
26,42,http://www.zaragoza.es/ciudad/viapublica/movilidad/bici/detalle_Bizi?oid=42,18-Beltrán Martínez,IN_SERVICE,http://vocab.linkeddata.es/datosabiertos/kos/transporte/bicicleta-publica/tipo-estado-estacion/no-operativa,18-Beltrán Martínez,http://vocab.linkeddata.es/datosabiertos/kos/urbanismo-infraestructuras/equipamiento/tipo-equipamiento/estacion-de-bicicletas,1,20,2026-08-05T15:25:03,<ul><li>Estado: Operativa</li><li>Bicis disponibles: 1</li><li>Anclajes disponibles: 20</li></ul><p>Actualizado: 15:25</p>,Datos de la estación bizi 18-Beltrán Martínez,//www.zaragoza.es/contenidos/iconos/bizi/conbicis.png,Point,"[-0.8697493381520356, 41.65151365477199]"
27,40,http://www.zaragoza.es/ciudad/viapublica/movilidad/bici/detalle_Bizi?oid=40,87-Aljafería: M.ª Agustín,IN_SERVICE,http://vocab.linkeddata.es/datosabiertos/kos/transporte/bicicleta-publica/tipo-estado-estacion/no-operativa,87-Aljafería: M.ª Agustín,http://vocab.linkeddata.es/datosabiertos/kos/urbanismo-infraestructuras/equipamiento/tipo-equipamiento/estacion-de-bicicletas,2,17,2026-08-05T15:25:03,<ul><li>Estado: Operativa</li><li>Bicis disponibles: 2</li><li>Anclajes disponibles: 17</li></ul><p>Actualizado: 15:25</p>,Datos de la estación bizi 87-Aljafería: M.ª Agustín,//www.zaragoza.es/contenidos/iconos/bizi/conbicis.png,Point,"[-0.8936952156445191, 41.65715805339066]"
28,41,http://www.zaragoza.es/ciudad/viapublica/movilidad/bici/detalle_Bizi?oid=41,89-Echegaray: Postigo Ebro,IN_SERVICE,http://vocab.linkeddata.es/datosabiertos/kos/transporte/bicicleta-publica/tipo-estado-estacion/no-operativa,89-Echegaray: Postigo Ebro,http://vocab.linkeddata.es/datosabiertos/kos/urbanismo-infraestructuras/equipamiento/tipo-equipamiento/estacion-de-bicicletas,0,22,2026-08-05T15:25:03,<ul><li>Estado: Operativa</li><li>Bicis disponibles: 0</li><li>Anclajes disponibles: 22</li></ul><p>Actualizado: 15:25</p>,Datos de la estación bizi 89-Echegaray: Postigo Ebro,//www.zaragoza.es/contenidos/iconos/bizi/sinbicis.png,Point,"[-0.8858351785700125, 41.65832591569287]"
29,39,http://www.zaragoza.es/ciudad/viapublica/movilidad/bici/detalle_Bizi?oid=39,30-Pta. Sancho: Gargallo,IN_SERVICE,http://vocab.linkeddata.es/datosabiertos/kos/transporte/bicicleta-publica/tipo-estado-estacion/no-operativa,30-Pta. Sancho: Gargallo,http://vocab.linkeddata.es/datosabiertos/kos/urbanismo-infraestructuras/equipamiento/tipo-equipamiento/estacion-de-bicicletas,3,12,2026-08-05T15:25:03,<ul><li>Estado: Operativa</li><li>Bicis disponibles: 3</li><li>Anclajes disponibles: 12</li></ul><p>Actualizado: 15:25</p>,Datos de la estación bizi 30-Pta. Sancho: Gargallo,//www.zaragoza.es/contenidos/iconos/bizi/conbicis.png,Point,"[-0.9017031103438954, 41.66153418118615]"
30,37,http://www.zaragoza.es/ciudad/viapublica/movilidad/bici/detalle_Bizi?oid=37,11-Pza. Europa,IN_SERVICE,http://vocab.linkeddata.es/datosabiertos/kos/transporte/bicicleta-publica/tipo-estado-estacion/no-operativa,11-Pza. Europa,http://vocab.linkeddata.es/datosabiertos/kos/urbanismo-infraestructuras/equipamiento/tipo-equipamiento/estacion-de-bicicletas,3,20,2026-08-05T15:25:03,<ul><li>Estado: Operativa</li><li>Bicis disponibles: 3</li><li>Anclajes disponibles: 20</li></ul><p>Actualizado: 15:25</p>,Datos de la estación bizi 11-Pza. Europa,//www.zaragoza.es/contenidos/iconos/bizi/conbicis.png,Point,"[-0.891484156777003, 41.65937301040624]"
31,38,http://www.zaragoza.es/ciudad/viapublica/movilidad/bici/detalle_Bizi?oid=38,12-Almozara: Voluntariado,IN_SERVICE,http://vocab.linkeddata.es/datosabiertos/kos/transporte/bicicleta-publica/tipo-estado-estacion/no-operativa,12-Almozara: Voluntariado,http://vocab.linkeddata.es/datosabiertos/kos/urbanismo-infraestructuras/equipamiento/tipo-equipamiento/estacion-de-bicicletas,10,9,2026-08-05T15:25:03,<ul><li>Estado: Operativa</li><li>Bicis disponibles: 10</li><li>Anclajes disponibles: 9</li></ul><p>Actualizado: 15:25</p>,Datos de la estación bizi 12-Almozara: Voluntariado,//www.zaragoza.es/contenidos/iconos/bizi/conbicis.png,Point,"[-0.8965130548490908, 41.66351408751127]"
32,36,http://www.zaragoza.es/ciudad/viapublica/movilidad/bici/detalle_Bizi?oid=36,10-Echegaray. Pte. Santiago,IN_SERVICE,http://vocab.linkeddata.es/datosabiertos/kos/transporte/bicicleta-publica/tipo-estado-estacion/no-operativa,10-Echegaray. Pte. Santiago,http://vocab.linkeddata.es/datosabiertos/kos/urbanismo-infraestructuras/equipamiento/tipo-equipamiento/estacion-de-bicicletas,20,0,2026-08-05T15:25:03,<ul><li>Estado: Operativa</li><li>Bicis disponibles: 20</li><li>Anclajes disponibles: 0</li></ul><p>Actualizado: 15:25</p>,Datos de la estación bizi 10-Echegaray. Pte. Santiago,//www.zaragoza.es/contenidos/iconos/bizi/conbicis.png,Point,"[-0.8811861845387154, 41.65792983670542]"
33,34,http://www.zaragoza.es/ciudad/viapublica/movilidad/bici/detalle_Bizi?oid=34,8-Puerta del Sol,IN_SERVICE,http://vocab.linkeddata.es/datosabiertos/kos/transporte/bicicleta-publica/tipo-estado-estacion/no-operativa,8-Puerta del Sol,http://vocab.linkeddata.es/datosabiertos/kos/urbanismo-infraestructuras/equipamiento/tipo-equipamiento/estacion-de-bicicletas,6,17,2026-08-05T15:25:03,<ul><li>Estado: Operativa</li><li>Bicis disponibles: 6</li><li>Anclajes disponibles: 17</li></ul><p>Actualizado: 15:25</p>,Datos de la estación bizi 8-Puerta del Sol,//www.zaragoza.es/contenidos/iconos/bizi/conbicis.png,Point,"[-0.870556270067723, 41.654208662521754]"
34,35,http://www.zaragoza.es/ciudad/viapublica/movilidad/bici/detalle_Bizi?oid=35,9-Echegaray. Pte. Piedra,IN_SERVICE,http://vocab.linkeddata.es/datosabiertos/kos/transporte/bicicleta-publica/tipo-estado-estacion/no-operativa,9-Echegaray. Pte. Piedra,http://vocab.linkeddata.es/datosabiertos/kos/urbanismo-infraestructuras/equipamiento/tipo-equipamiento/estacion-de-bicicletas,1,28,2026-08-05T15:25:03,<ul><li>Estado: Operativa</li><li>Bicis disponibles: 1</li><li>Anclajes disponibles: 28</li></ul><p>Actualizado: 15:25</p>,Datos de la estación bizi 9-Echegaray. Pte. Piedra,//www.zaragoza.es/contenidos/iconos/bizi/conbicis.png,Point,"[-0.875334229669286, 41.65595974062594]"
35,33,http://www.zaragoza.es/ciudad/viapublica/movilidad/bici/detalle_Bizi?oid=33,7-Parque Tenerías,IN_SERVICE,http://vocab.linkeddata.es/datosabiertos/kos/transporte/bicicleta-publica/tipo-estado-estacion/no-operativa,7-Parque Tenerías,http://vocab.linkeddata.es/datosabiertos/kos/urbanismo-infraestructuras/equipamiento/tipo-equipamiento/estacion-de-bicicletas,9,14,2026-08-05T15:25:03,<ul><li>Estado: Operativa</li><li>Bicis disponibles: 9</li><li>Anclajes disponibles: 14</li></ul><p>Actualizado: 15:25</p>,Datos de la estación bizi 7-Parque Tenerías,//www.zaragoza.es/contenidos/iconos/bizi/conbicis.png,Point,"[-0.8661313036596732, 41.65273358987069]"
36,32,http://www.zaragoza.es/ciudad/viapublica/movilidad/bici/detalle_Bizi?oid=32,3-Actur: Voluntariado,IN_SERVICE,http://vocab.linkeddata.es/datosabiertos/kos/transporte/bicicleta-publica/tipo-estado-estacion/no-operativa,3-Actur: Voluntariado,http://vocab.linkeddata.es/datosabiertos/kos/urbanismo-infraestructuras/equipamiento/tipo-equipamiento/estacion-de-bicicletas,17,2,2026-08-05T15:25:03,<ul><li>Estado: Operativa</li><li>Bicis disponibles: 17</li><li>Anclajes disponibles: 2</li></ul><p>Actualizado: 15:25</p>,Datos de la estación bizi 3-Actur: Voluntariado,//www.zaragoza.es/contenidos/iconos/bizi/conbicis.png,Point,"[-0.894471261252433, 41.667006044461544]"
37,30,http://www.zaragoza.es/ciudad/viapublica/movilidad/bici/detalle_Bizi?oid=30,65-Intercambiador Zambrano,IN_SERVICE,http://vocab.linkeddata.es/datosabiertos/kos/transporte/bicicleta-publica/tipo-estado-estacion/no-operativa,65-Intercambiador Zambrano,http://vocab.linkeddata.es/datosabiertos/kos/urbanismo-infraestructuras/equipamiento/tipo-equipamiento/estacion-de-bicicletas,11,7,2026-08-05T15:25:03,<ul><li>Estado: Operativa</li><li>Bicis disponibles: 11</li><li>Anclajes disponibles: 7</li></ul><p>Actualizado: 15:25</p>,Datos de la estación bizi 65-Intercambiador Zambrano,//www.zaragoza.es/contenidos/iconos/bizi/conbicis.png,Point,"[-0.8869439705391594, 41.6664229164088]"
38,31,http://www.zaragoza.es/ciudad/viapublica/movilidad/bici/detalle_Bizi?oid=31,4-Atarés: Pte. Almozara,IN_SERVICE,http://vocab.linkeddata.es/datosabiertos/kos/transporte/bicicleta-publica/tipo-estado-estacion/no-operativa,4-Atarés: Pte. Almozara,http://vocab.linkeddata.es/datosabiertos/kos/urbanismo-infraestructuras/equipamiento/tipo-equipamiento/estacion-de-bicicletas,2,17,2026-08-05T15:25:03,<ul><li>Estado: Operativa</li><li>Bicis disponibles: 2</li><li>Anclajes disponibles: 17</li></ul><p>Actualizado: 15:25</p>,Datos de la estación bizi 4-Atarés: Pte. Almozara,//www.zaragoza.es/contenidos/iconos/bizi/conbicis.png,Point,"[-0.8884840814105469, 41.662205952451124]"
39,29,http://www.zaragoza.es/ciudad/viapublica/movilidad/bici/detalle_Bizi?oid=29,5-Macanaz,IN_SERVICE,http://vocab.linkeddata.es/datosabiertos/kos/transporte/bicicleta-publica/tipo-estado-estacion/no-operativa,5-Macanaz,http://vocab.linkeddata.es/datosabiertos/kos/urbanismo-infraestructuras/equipamiento/tipo-equipamiento/estacion-de-bicicletas,11,6,2026-08-05T15:25:03,<ul><li>Estado: Operativa</li><li>Bicis disponibles: 11</li><li>Anclajes disponibles: 6</li></ul><p>Actualizado: 15:25</p>,Datos de la estación bizi 5-Macanaz,//www.zaragoza.es/contenidos/iconos/bizi/conbicis.png,Point,"[-0.8807841228180032, 41.6603258243735]"
40,27,http://www.zaragoza.es/ciudad/viapublica/movilidad/bici/detalle_Bizi?oid=27,94-Kasan,IN_SERVICE,http://vocab.linkeddata.es/datosabiertos/kos/transporte/bicicleta-publica/tipo-estado-estacion/no-operativa,94-Kasan,http://vocab.linkeddata.es/datosabiertos/kos/urbanismo-infraestructuras/equipamiento/tipo-equipamiento/estacion-de-bicicletas,9,9,2026-08-05T15:25:03,<ul><li>Estado: Operativa</li><li>Bicis disponibles: 9</li><li>Anclajes disponibles: 9</li></ul><p>Actualizado: 15:25</p>,Datos de la estación bizi 94-Kasan,//www.zaragoza.es/contenidos/iconos/bizi/conbicis.png,Point,"[-0.8836630237703734, 41.66428986486975]"
41,28,http://www.zaragoza.es/ciudad/viapublica/movilidad/bici/detalle_Bizi?oid=28,66-Neruda: Celaya,IN_SERVICE,http://vocab.linkeddata.es/datosabiertos/kos/transporte/bicicleta-publica/tipo-estado-estacion/no-operativa,66-Neruda: Celaya,http://vocab.linkeddata.es/datosabiertos/kos/urbanismo-infraestructuras/equipamiento/tipo-equipamiento/estacion-de-bicicletas,6,12,2026-08-05T15:25:03,<ul><li>Estado: Operativa</li><li>Bicis disponibles: 6</li><li>Anclajes disponibles: 12</li></ul><p>Actualizado: 15:25</p>,Datos de la estación bizi 66-Neruda: Celaya,//www.zaragoza.es/contenidos/iconos/bizi/conbicis.png,Point,"[-0.8860618639385536, 41.67031589230512]"
42,26,http://www.zaragoza.es/ciudad/viapublica/movilidad/bici/detalle_Bizi?oid=26,67-Campoamor: Grancasa,IN_SERVICE,http://vocab.linkeddata.es/datosabiertos/kos/transporte/bicicleta-publica/tipo-estado-estacion/no-operativa,67-Campoamor: Grancasa,http://vocab.linkeddata.es/datosabiertos/kos/urbanismo-infraestructuras/equipamiento/tipo-equipamiento/estacion-de-bicicletas,11,20,2026-08-05T15:25:03,<ul><li>Estado: Operativa</li><li>Bicis disponibles: 11</li><li>Anclajes disponibles: 20</li></ul><p>Actualizado: 15:25</p>,Datos de la estación bizi 67-Campoamor: Grancasa,//www.zaragoza.es/contenidos/iconos/bizi/conbicis.png,Point,"[-0.8900709111460768, 41.66870996489908]"
43,25,http://www.zaragoza.es/ciudad/viapublica/movilidad/bici/detalle_Bizi?oid=25,73-Avellaneda: Xirgu,IN_SERVICE,http://vocab.linkeddata.es/datosabiertos/kos/transporte/bicicleta-publica/tipo-estado-estacion/no-operativa,73-Avellaneda: Xirgu,http://vocab.linkeddata.es/datosabiertos/kos/urbanismo-infraestructuras/equipamiento/tipo-equipamiento/estacion-de-bicicletas,8,11,2026-08-05T15:25:03,<ul><li>Estado: Operativa</li><li>Bicis disponibles: 8</li><li>Anclajes disponibles: 11</li></ul><p>Actualizado: 15:25</p>,Datos de la estación bizi 73-Avellaneda: Xirgu,//www.zaragoza.es/contenidos/iconos/bizi/conbicis.png,Point,"[-0.8909446564036722, 41.6781199582]"
44,23,http://www.zaragoza.es/ciudad/viapublica/movilidad/bici/detalle_Bizi?oid=23,14-Delicias Salidas,IN_SERVICE,http://vocab.linkeddata.es/datosabiertos/kos/transporte/bicicleta-publica/tipo-estado-estacion/no-operativa,14-Delicias Salidas,http://vocab.linkeddata.es/datosabiertos/kos/urbanismo-infraestructuras/equipamiento/tipo-equipamiento/estacion-de-bicicletas,18,9,2026-08-05T15:25:03,<ul><li>Estado: Operativa</li><li>Bicis disponibles: 18</li><li>Anclajes disponibles: 9</li></ul><p>Actualizado: 15:25</p>,Datos de la estación bizi 14-Delicias Salidas,//www.zaragoza.es/contenidos/iconos/bizi/conbicis.png,Point,"[-0.908776737515878, 41.658419576155225]"
45,24,http://www.zaragoza.es/ciudad/viapublica/movilidad/bici/detalle_Bizi?oid=24,13-Avda. Francia,IN_SERVICE,http://vocab.linkeddata.es/datosabiertos/kos/transporte/bicicleta-publica/tipo-estado-estacion/no-operativa,13-Avda. Francia,http://vocab.linkeddata.es/datosabiertos/kos/urbanismo-infraestructuras/equipamiento/tipo-equipamiento/estacion-de-bicicletas,5,14,2026-08-05T15:25:03,<ul><li>Estado: Operativa</li><li>Bicis disponibles: 5</li><li>Anclajes disponibles: 14</li></ul><p>Actualizado: 15:25</p>,Datos de la estación bizi 13-Avda. Francia,//www.zaragoza.es/contenidos/iconos/bizi/conbicis.png,Point,"[-0.9072971001720915, 41.66212827512005]"
46,22,http://www.zaragoza.es/ciudad/viapublica/movilidad/bici/detalle_Bizi?oid=22,68-Zambrano: Saura,IN_SERVICE,http://vocab.linkeddata.es/datosabiertos/kos/transporte/bicicleta-publica/tipo-estado-estacion/no-operativa,68-Zambrano: Saura,http://vocab.linkeddata.es/datosabiertos/kos/urbanismo-infraestructuras/equipamiento/tipo-equipamiento/estacion-de-bicicletas,3,15,2026-08-05T15:25:03,<ul><li>Estado: Operativa</li><li>Bicis disponibles: 3</li><li>Anclajes disponibles: 15</li></ul><p>Actualizado: 15:25</p>,Datos de la estación bizi 68-Zambrano: Saura,//www.zaragoza.es/contenidos/iconos/bizi/conbicis.png,Point,"[-0.889121735707403, 41.67513693377694]"
47,21,http://www.zaragoza.es/ciudad/viapublica/movilidad/bici/detalle_Bizi?oid=21,6-Ribera: Pte. del Pilar,IN_SERVICE,http://vocab.linkeddata.es/datosabiertos/kos/transporte/bicicleta-publica/tipo-estado-estacion/no-operativa,6-Ribera: Pte. del Pilar,http://vocab.linkeddata.es/datosabiertos/kos/urbanismo-infraestructuras/equipamiento/tipo-equipamiento/estacion-de-bicicletas,20,9,2026-08-05T15:25:03,<ul><li>Estado: Operativa</li><li>Bicis disponibles: 20</li><li>Anclajes disponibles: 9</li></ul><p>Actualizado: 15:25</p>,Datos de la estación bizi 6-Ribera: Pte. del Pilar,//www.zaragoza.es/contenidos/iconos/bizi/conbicis.png,Point,"[-0.8696812098607314, 41.656534642211824]"
48,19,http://www.zaragoza.es/ciudad/viapublica/movilidad/bici/detalle_Bizi?oid=19,78-Jardines Concordia,IN_SERVICE,http://vocab.linkeddata.es/datosabiertos/kos/transporte/bicicleta-publica/tipo-estado-estacion/no-operativa,78-Jardines Concordia,http://vocab.linkeddata.es/datosabiertos/kos/urbanismo-infraestructuras/equipamiento/tipo-equipamiento/estacion-de-bicicletas,9,10,2026-08-05T15:25:03,<ul><li>Estado: Operativa</li><li>Bicis disponibles: 9</li><li>Anclajes disponibles: 10</li></ul><p>Actualizado: 15:25</p>,Datos de la estación bizi 78-Jardines Concordia,//www.zaragoza.es/contenidos/iconos/bizi/conbicis.png,Point,"[-0.8713698500510962, 41.674005531426445]"
49,20,http://www.zaragoza.es/ciudad/viapublica/movilidad/bici/detalle_Bizi?oid=20,75-Salvador Allende,IN_SERVICE,http://vocab.linkeddata.es/datosabiertos/kos/transporte/bicicleta-publica/tipo-estado-estacion/no-operativa,75-Salvador Allende,http://vocab.linkeddata.es/datosabiertos/kos/urbanismo-infraestructuras/equipamiento/tipo-equipamiento/estacion-de-bicicletas,14,5,2026-08-05T15:25:03,<ul><li>Estado: Operativa</li><li>Bicis disponibles: 14</li><li>Anclajes disponibles: 5</li></ul><p>Actualizado: 15:25</p>,Datos de la estación bizi 75-Salvador Allende,//www.zaragoza.es/contenidos/iconos/bizi/conbicis.png,Point,"[-0.8765398787413364, 41.66946073063902]"
50,18,http://www.zaragoza.es/ciudad/viapublica/movilidad/bici/detalle_Bizi?oid=18,76-S. Juan Peña: Juslibol,IN_SERVICE,http://vocab.linkeddata.es/datosabiertos/kos/transporte/bicicleta-publica/tipo-estado-estacion/no-operativa,76-S. Juan Peña: Juslibol,http://vocab.linkeddata.es/datosabiertos/kos/urbanismo-infraestructuras/equipamiento/tipo-equipamiento/estacion-de-bicicletas,4,15,2026-08-05T15:25:03,<ul><li>Estado: Operativa</li><li>Bicis disponibles: 4</li><li>Anclajes disponibles: 15</li></ul><p>Actualizado: 15:25</p>,Datos de la estación bizi 76-S. Juan Peña: Juslibol,//www.zaragoza.es/contenidos/iconos/bizi/conbicis.png,Point,"[-0.871290853896484, 41.670200638757926]"
51,17,http://www.zaragoza.es/ciudad/viapublica/movilidad/bici/detalle_Bizi?oid=17,59-Plaza Mozart,IN_SERVICE,http://vocab.linkeddata.es/datosabiertos/kos/transporte/bicicleta-publica/tipo-estado-estacion/no-operativa,59-Plaza Mozart,http://vocab.linkeddata.es/datosabiertos/kos/urbanismo-infraestructuras/equipamiento/tipo-equipamiento/estacion-de-bicicletas,17,1,2026-08-05T15:25:03,<ul><li>Estado: Operativa</li><li>Bicis disponibles: 17</li><li>Anclajes disponibles: 1</li></ul><p>Actualizado: 15:25</p>,Datos de la estación bizi 59-Plaza Mozart,//www.zaragoza.es/contenidos/iconos/bizi/conbicis.png,Point,"[-0.8656330727629022, 41.66176356076383]"
52,16,http://www.zaragoza.es/ciudad/viapublica/movilidad/bici/detalle_Bizi?oid=16,55-M. Cadena: M. Asso,IN_SERVICE,http://vocab.linkeddata.es/datosabiertos/kos/transporte/bicicleta-publica/tipo-estado-estacion/no-operativa,55-M. Cadena: M. Asso,http://vocab.linkeddata.es/datosabiertos/kos/urbanismo-infraestructuras/equipamiento/tipo-equipamiento/estacion-de-bicicletas,2,17,2026-08-05T15:25:03,<ul><li>Estado: Operativa</li><li>Bicis disponibles: 2</li><li>Anclajes disponibles: 17</li></ul><p>Actualizado: 15:25</p>,Datos de la estación bizi 55-M. Cadena: M. Asso,//www.zaragoza.es/contenidos/iconos/bizi/conbicis.png,Point,"[-0.8617241445179734, 41.658816500329856]"
53,14,http://www.zaragoza.es/ciudad/viapublica/movilidad/bici/detalle_Bizi?oid=14,56-Oriente: Betoré,IN_SERVICE,http://vocab.linkeddata.es/datosabiertos/kos/transporte/bicicleta-publica/tipo-estado-estacion/no-operativa,56-Oriente: Betoré,http://vocab.linkeddata.es/datosabiertos/kos/urbanismo-infraestructuras/equipamiento/tipo-equipamiento/estacion-de-bicicletas,9,9,2026-08-05T15:25:03,<ul><li>Estado: Operativa</li><li>Bicis disponibles: 9</li><li>Anclajes disponibles: 9</li></ul><p>Actualizado: 15:25</p>,Datos de la estación bizi 56-Oriente: Betoré,//www.zaragoza.es/contenidos/iconos/bizi/conbicis.png,Point,"[-0.8589302263115718, 41.655509459882516]"
54,15,http://www.zaragoza.es/ciudad/viapublica/movilidad/bici/detalle_Bizi?oid=15,95-Longares: Fuendejalón,IN_SERVICE,http://vocab.linkeddata.es/datosabiertos/kos/transporte/bicicleta-publica/tipo-estado-estacion/no-operativa,95-Longares: Fuendejalón,http://vocab.linkeddata.es/datosabiertos/kos/urbanismo-infraestructuras/equipamiento/tipo-equipamiento/estacion-de-bicicletas,12,5,2026-08-05T15:25:03,<ul><li>Estado: Operativa</li><li>Bicis disponibles: 12</li><li>Anclajes disponibles: 5</li></ul><p>Actualizado: 15:25</p>,Datos de la estación bizi 95-Longares: Fuendejalón,//www.zaragoza.es/contenidos/iconos/bizi/conbicis.png,Point,"[-0.8653481426228651, 41.65901656212993]"
55,13,http://www.zaragoza.es/ciudad/viapublica/movilidad/bici/detalle_Bizi?oid=13,57-Sobrarbe: Ribera,IN_SERVICE,http://vocab.linkeddata.es/datosabiertos/kos/transporte/bicicleta-publica/tipo-estado-estacion/no-operativa,57-Sobrarbe: Ribera,http://vocab.linkeddata.es/datosabiertos/kos/urbanismo-infraestructuras/equipamiento/tipo-equipamiento/estacion-de-bicicletas,4,15,2026-08-05T15:25:03,<ul><li>Estado: Operativa</li><li>Bicis disponibles: 4</li><li>Anclajes disponibles: 15</li></ul><p>Actualizado: 15:25</p>,Datos de la estación bizi 57-Sobrarbe: Ribera,//www.zaragoza.es/contenidos/iconos/bizi/conbicis.png,Point,"[-0.8742581554375131, 41.65882471564294]"
56,12,http://www.zaragoza.es/ciudad/viapublica/movilidad/bici/detalle_Bizi?oid=12,23-Ribera. Azud,IN_SERVICE,http://vocab.linkeddata.es/datosabiertos/kos/transporte/bicicleta-publica/tipo-estado-estacion/no-operativa,23-Ribera. Azud,http://vocab.linkeddata.es/datosabiertos/kos/urbanismo-infraestructuras/equipamiento/tipo-equipamiento/estacion-de-bicicletas,3,15,2026-08-05T15:25:03,<ul><li>Estado: Operativa</li><li>Bicis disponibles: 3</li><li>Anclajes disponibles: 15</li></ul><p>Actualizado: 15:25</p>,Datos de la estación bizi 23-Ribera. Azud,//www.zaragoza.es/contenidos/iconos/bizi/conbicis.png,Point,"[-0.8579622866705532, 41.65310544873928]"
57,10,http://www.zaragoza.es/ciudad/viapublica/movilidad/bici/detalle_Bizi?oid=10,77-Allende: Picasso,IN_SERVICE,http://vocab.linkeddata.es/datosabiertos/kos/transporte/bicicleta-publica/tipo-estado-estacion/no-operativa,77-Allende: Picasso,http://vocab.linkeddata.es/datosabiertos/kos/urbanismo-infraestructuras/equipamiento/tipo-equipamiento/estacion-de-bicicletas,14,5,2026-08-05T15:25:03,<ul><li>Estado: Operativa</li><li>Bicis disponibles: 14</li><li>Anclajes disponibles: 5</li></ul><p>Actualizado: 15:25</p>,Datos de la estación bizi 77-Allende: Picasso,//www.zaragoza.es/contenidos/iconos/bizi/conbicis.png,Point,"[-0.877326766628039, 41.67359873468499]"
58,11,http://www.zaragoza.es/ciudad/viapublica/movilidad/bici/detalle_Bizi?oid=11,80-Academia Gral: Allende,IN_SERVICE,http://vocab.linkeddata.es/datosabiertos/kos/transporte/bicicleta-publica/tipo-estado-estacion/no-operativa,80-Academia Gral: Allende,http://vocab.linkeddata.es/datosabiertos/kos/urbanismo-infraestructuras/equipamiento/tipo-equipamiento/estacion-de-bicicletas,14,5,2026-08-05T15:25:03,<ul><li>Estado: Operativa</li><li>Bicis disponibles: 14</li><li>Anclajes disponibles: 5</li></ul><p>Actualizado: 15:25</p>,Datos de la estación bizi 80-Academia Gral: Allende,//www.zaragoza.es/contenidos/iconos/bizi/conbicis.png,Point,"[-0.8713416419593841, 41.67796162189141]"
59,8,http://www.zaragoza.es/ciudad/viapublica/movilidad/bici/detalle_Bizi?oid=8,31-Gargallo: Parq. Aljafería,IN_SERVICE,http://vocab.linkeddata.es/datosabiertos/kos/transporte/bicicleta-publica/tipo-estado-estacion/no-operativa,31-Gargallo: Parq. Aljafería,http://vocab.linkeddata.es/datosabiertos/kos/urbanismo-infraestructuras/equipamiento/tipo-equipamiento/estacion-de-bicicletas,6,11,2026-08-05T15:25:03,<ul><li>Estado: Operativa</li><li>Bicis disponibles: 6</li><li>Anclajes disponibles: 11</li></ul><p>Actualizado: 15:25</p>,Datos de la estación bizi 31-Gargallo: Parq. Aljafería,//www.zaragoza.es/contenidos/iconos/bizi/conbicis.png,Point,"[-0.8965789416365898, 41.66013989624197]"
60,9,http://www.zaragoza.es/ciudad/viapublica/movilidad/bici/detalle_Bizi?oid=9,34-Coso Bajo,IN_SERVICE,http://vocab.linkeddata.es/datosabiertos/kos/transporte/bicicleta-publica/tipo-estado-estacion/no-operativa,34-Coso Bajo,http://vocab.linkeddata.es/datosabiertos/kos/urbanismo-infraestructuras/equipamiento/tipo-equipamiento/estacion-de-bicicletas,5,23,2026-08-05T15:25:03,<ul><li>Estado: Operativa</li><li>Bicis disponibles: 5</li><li>Anclajes disponibles: 23</li></ul><p>Actualizado: 15:25</p>,Datos de la estación bizi 34-Coso Bajo,//www.zaragoza.es/contenidos/iconos/bizi/conbicis.png,Point,"[-0.8735993374213203, 41.65168262050894]"
61,7,http://www.zaragoza.es/ciudad/viapublica/movilidad/bici/detalle_Bizi?oid=7,83-Majas de Goya,IN_SERVICE,http://vocab.linkeddata.es/datosabiertos/kos/transporte/bicicleta-publica/tipo-estado-estacion/no-operativa,83-Majas de Goya,http://vocab.linkeddata.es/datosabiertos/kos/urbanismo-infraestructuras/equipamiento/tipo-equipamiento/estacion-de-bicicletas,10,9,2026-08-05T15:25:03,<ul><li>Estado: Operativa</li><li>Bicis disponibles: 10</li><li>Anclajes disponibles: 9</li></ul><p>Actualizado: 15:25</p>,Datos de la estación bizi 83-Majas de Goya,//www.zaragoza.es/contenidos/iconos/bizi/conbicis.png,Point,"[-0.8743555075642135, 41.68665265367462]"
62,6,http://www.zaragoza.es/ciudad/viapublica/movilidad/bici/detalle_Bizi?oid=6,60-Bielsa: Cnos. Norte,IN_SERVICE,http://vocab.linkeddata.es/datosabiertos/kos/transporte/bicicleta-publica/tipo-estado-estacion/no-operativa,60-Bielsa: Cnos. Norte,http://vocab.linkeddata.es/datosabiertos/kos/urbanismo-infraestructuras/equipamiento/tipo-equipamiento/estacion-de-bicicletas,6,13,2026-08-05T15:25:03,<ul><li>Estado: Operativa</li><li>Bicis disponibles: 6</li><li>Anclajes disponibles: 13</li></ul><p>Actualizado: 15:25</p>,Datos de la estación bizi 60-Bielsa: Cnos. Norte,//www.zaragoza.es/contenidos/iconos/bizi/conbicis.png,Point,"[-0.8700189594307578, 41.662434834595956]"
63,5,http://www.zaragoza.es/ciudad/viapublica/movilidad/bici/detalle_Bizi?oid=5,70-Picasso: Zambrano,IN_SERVICE,http://vocab.linkeddata.es/datosabiertos/kos/transporte/bicicleta-publica/tipo-estado-estacion/no-operativa,70-Picasso: Zambrano,http://vocab.linkeddata.es/datosabiertos/kos/urbanismo-infraestructuras/equipamiento/tipo-equipamiento/estacion-de-bicicletas,2,16,2026-08-05T15:25:03,<ul><li>Estado: Operativa</li><li>Bicis disponibles: 2</li><li>Anclajes disponibles: 16</li></ul><p>Actualizado: 15:25</p>,Datos de la estación bizi 70-Picasso: Zambrano,//www.zaragoza.es/contenidos/iconos/bizi/conbicis.png,Point,"[-0.8888524964903941, 41.67289063433152]"
64,4,http://www.zaragoza.es/ciudad/viapublica/movilidad/bici/detalle_Bizi?oid=4,2-Pabellón Aragón,IN_SERVICE,http://vocab.linkeddata.es/datosabiertos/kos/transporte/bicicleta-publica/tipo-estado-estacion/no-operativa,2-Pabellón Aragón,http://vocab.linkeddata.es/datosabiertos/kos/urbanismo-infraestructuras/equipamiento/tipo-equipamiento/estacion-de-bicicletas,0,19,2026-08-05T15:25:03,<ul><li>Estado: Operativa</li><li>Bicis disponibles: 0</li><li>Anclajes disponibles: 19</li></ul><p>Actualizado: 15:25</p>,Datos de la estación bizi 2-Pabellón Aragón,//www.zaragoza.es/contenidos/iconos/bizi/sinbicis.png,Point,"[-0.8983968482606207, 41.671304102009586]"
65,3,http://www.zaragoza.es/ciudad/viapublica/movilidad/bici/detalle_Bizi?oid=3,81-Tauromaquia,IN_SERVICE,http://vocab.linkeddata.es/datosabiertos/kos/transporte/bicicleta-publica/tipo-estado-estacion/no-operativa,81-Tauromaquia,http://vocab.linkeddata.es/datosabiertos/kos/urbanismo-infraestructuras/equipamiento/tipo-equipamiento/estacion-de-bicicletas,13,6,2026-08-05T15:25:03,<ul><li>Estado: Operativa</li><li>Bicis disponibles: 13</li><li>Anclajes disponibles: 6</li></ul><p>Actualizado: 15:25</p>,Datos de la estación bizi 81-Tauromaquia,//www.zaragoza.es/contenidos/iconos/bizi/conbicis.png,Point,"[-0.8711614123763872, 41.68269790793972]"
66,2,http://www.zaragoza.es/ciudad/viapublica/movilidad/bici/detalle_Bizi?oid=2,1-Palacio Congresos,IN_SERVICE,http://vocab.linkeddata.es/datosabiertos/kos/transporte/bicicleta-publica/tipo-estado-estacion/no-operativa,1-Palacio Congresos,http://vocab.linkeddata.es/datosabiertos/kos/urbanismo-infraestructuras/equipamiento/tipo-equipamiento/estacion-de-bicicletas,11,8,2026-08-05T15:25:03,<ul><li>Estado: Operativa</li><li>Bicis disponibles: 11</li><li>Anclajes disponibles: 8</li></ul><p>Actualizado: 15:25</p>,Datos de la estación bizi 1-Palacio Congresos,//www.zaragoza.es/contenidos/iconos/bizi/conbicis.png,Point,"[-0.9037228892731582, 41.669967196649765]"
